{
  "swagger": "2.0",
  "info": {
    "description": "API para interação com o Certabot.",
    "version": "1.0.0",
    "title": "API CertaBot"
  },
  "host": "localhost:2011",
  "basePath": "/",
  "tags": [
    {
      "name": "certabot",
      "description": "Operações do Certabot"
    }
  ],
  "schemes": [
    "http"
  ],
  "paths": {
    "/baixar": {
      "post": {
        "tags": [
          "certabot"
        ],
        "summary": "Baixa arquivos baseados em chave de acesso.",
        "consumes": [
          "application/json"
        ],
        "produces": [
          "application/json"
        ],
        "parameters": [
          {
            "in": "body",
            "name": "body",
            "description": "CNPJ para buscar os registros faltantes",
            "required": true,
            "schema": {
              "$ref": "#/definitions/BaixarRequest"
            }
          }
        ],
        "responses": {
          "200": {
            "description": "Files downloaded successfully"
          },
          "400": {
            "description": "CNPJ não fornecido"
          },
          "500": {
            "description": "Erro ao buscar dados"
          }
        }
      }
    },
    "/upload_certificado": {
      "post": {
        "tags": [
          "certabot"
        ],
        "summary": "Processa e armazena um certificado digital.",
        "consumes": [
          "application/json"
        ],
        "produces": [
          "application/json"
        ],
        "parameters": [
          {
            "in": "body",
            "name": "body",
            "required": true,
            "schema": {
              "$ref": "#/definitions/CertificadoRequest"
            }
          }
        ],
        "responses": {
          "200": {
            "description": "Certificado salvo com sucesso"
          },
          "400": {
            "description": "Informações obrigatórias faltando ou certificado já existe"
          },
          "500": {
            "description": "Erro ao processar o certificado"
          }
        }
      }
    },
    "/docCupom/{chave}": {
      "get": {
        "tags": [
          "certabot"
        ],
        "summary": "Obtém dados do robô usando uma chave de acesso específica.",
        "produces": [
          "application/json"
        ],
        "parameters": [
          {
            "name": "chave",
            "in": "path",
            "required": true,
            "type": "string"
          }
        ],
        "responses": {
          "200": {
            "description": "Operação bem-sucedida"
          },
          "500": {
            "description": "Erro ao buscar dados"
          }
        }
      }
    },
    "/faltantes": {
      "post": {
        "tags": [
          "certabot"
        ],
        "summary": "Upload e processamento de arquivo para identificar CFe faltantes.",
        "consumes": [
          "multipart/form-data"
        ],
        "produces": [
          "application/json"
        ],
        "parameters": [
          {
            "in": "formData",
            "name": "arquivo",
            "type": "file",
            "description": "Arquivo com CFe faltantes",
            "required": true
          }
        ],
        "responses": {
          "200": {
            "description": "Inserção concluída com sucesso"
          },
          "400": {
            "description": "Erro no arquivo enviado"
          },
          "500": {
            "description": "Erro ao inserir os dados"
          }
        }
      }
    }
  },
  "definitions": {
    "BaixarRequest": {
      "type": "object",
      "properties": {
        "cnpj": {
          "type": "string"
        }
      },
      "required": [
        "cnpj"
      ]
    },
    "CertificadoRequest": {
      "type": "object",
      "properties": {
        "senha": {
          "type": "string"
        },
        "endereco": {
          "type": "string"
        },
        "nome": {
          "type": "string"
        }
      },
      "required": [
        "senha",
        "endereco",
        "nome"
      ]
    }
  }
}
